ID,Priority,Area,Phase,Owner role,Status,Next acceptance check,Integration note
IMS-001,P0,Integrations,R0,Engineering,"Implemented, verify","Separate browser-session gates from endpoint authentication. Valid Stripe signatures, cron secrets and intake tokens must reach their handlers. Invalid credentials must fail without redirects.",Proxy allowlist and scoped program detail access implemented; deployed handler auth tests pending.
IMS-002,P0,Build,R0,Engineering,"Implemented, verify","Capture and check each database error. Run TypeScript and production build on the repaired commit, plus failure-path webhook tests.",Payment error bindings repaired; local build and webhook failure-path validation tracked separately.
IMS-003,P0,Billing,R0,Engineering,Open,"Implement durable event processing, unique payment identities and transactional plan/payment updates. Verify concurrent replay, partial failure, out-of-order invoice events and repeated partial refunds.",
IMS-004,P0,Balances,R0,Engineering,Open,"Make completion/undo one authorized database transaction keyed by session ID. Double-click, retry and concurrent requests must produce exactly one debit or reversal.",
IMS-005,P0,Programs,R0,Engineering,"Implemented, verify","Reconcile schema and API contract. Add/remove/reorder a draft exercise in staging, reload it and verify every prescription field persists. Evaluate PR #10 rather than merging blindly.",Live column mapping and draft picker integrated; authenticated CRUD verification pending.
IMS-006,P0,Database,R0,Engineering,Open,"Capture a reviewed schema baseline and subsequent migrations, regenerate types and rebuild a clean staging database. Compare policies, triggers, functions and storage settings with production.",
IMS-007,P1,Program access,R0,Engineering + Jason,"Implemented, verify","Preserve private coach notes separately. Confirm Jason/Gabe shared access requirements and apply one policy across add, remove, edit and publish. Published plans must resist accidental edits.",Trainer policy aligned; legacy private note input rejected; shared instructions labeled explicitly.
IMS-008,P1,Time zones,R0,Engineering,"Implemented, verify","Use one America/Los_Angeles date layer. Test both DST transitions, midnight, recurring generation and mobile display. Audit affected future occurrences before any correction.",Recurring DST conversion fixed and tested; dashboard date semantics still open.
IMS-009,P1,Scheduling,R0,Engineering + Jason,Open,"Enforce trainer and resource conflict rules transactionally for create, approve, move and recurrence. Define group-session exceptions explicitly. One of two conflicting concurrent requests must be rejected.",
IMS-010,P1,Reminders,R0,Engineering,Open,"Use a complete delivery window and retryable outbox with leases, provider IDs and failure recovery. Every eligible session gets one reminder; failed sends retry without duplicates.",
IMS-011,P0,Authorization,R0,Engineering,Open,"Use isolated owner, trainer, client A, client B and signed-out accounts. Prove private notes, assessments, drafts, PDFs, media and payments cannot cross roles/accounts. Test expired sessions and deleted staff.",
IMS-012,P0,Repository privacy,R0,Jason + Engineering,Open,"Classify these records immediately. If real, remove personal data from distributable source, review history/access and use synthetic fixtures. Rotate any exposed credentials if discovered.",
IMS-013,P1,Release control,R0,Engineering,"Implemented, verify","Create one integration branch from main. Select changes by feature, resolve overlaps and run local/CI gates before one preview. Respect current Vercel quota; record exact release SHA and deployment ID.",Unified release branch created; exact preview status and PR acceptance pending.
IMS-014,P1,Reproducible builds,R0,Engineering,"Implemented, verify","Commit a reviewed lockfile, use npm ci, fix lint and run production build in CI. Pin Python dependencies. Align runtime versions; protect main with required checks. Keep build output and secrets out of Git.","Lockfile, npm ci, build CI and working lint command added; existing lint debt remains."
IMS-015,P1,Authentication,R1,Engineering + Jason,Open,"Test password login, logout, expiry, invitation and reset in mobile email browsers. Enable each social button only after its provider and redirect URLs pass. Keep account provisioning invitation-controlled.",
IMS-016,P1,Public endpoint abuse,R1,Engineering,Open,"Add bounded reset/intake/lead throttling and request validation, preserve generic reset responses and review password controls. Confirm abuse attempts cannot exhaust email delivery.",
IMS-017,P1,Generator integration,R1,Engineering,Open,"Deploy compatible versions in isolated staging and verify contract/version, timeout, missing-secret rejection and PDF storage. Make generator auth fail closed in production. Record the endpoint used by each environment.",
IMS-018,P0,Exercise review,R2,Jason / qualified coach,Open,Keep automatic client release disabled. Complete qualified coach mapping/safety review and approved substitutions for the intended release set. Restricted or unverified cases must remain held for review.,
IMS-019,P1,Program release,R2,Engineering + Jason,Open,Verify assessment → draft → edit → regenerate → coach review → publish → client view. Client PDF must match the reviewed revision and exclude coach-only content. Test approval revocation.,
IMS-020,P1,Client actions,R2,Engineering,"Implemented, verify","Wire completion to an authorized, idempotent action with persisted feedback. Give clients a valid check-in request flow. Every visible primary action must work or be clearly unavailable.",Dead completion button replaced with homework link; reassessment now links to coach messaging.
IMS-021,P1,Design system,R1,Design + Engineering,"Implemented, verify","Adopt semantic surface/text/status tokens and one component specification. Apply it to buttons, forms, cards, lists, tables, dialogs and feedback. Review owner, trainer and client screens together.",Light design unified with recovered program studio; authenticated visual review pending.
IMS-022,P1,Staff schedule UX,R1,Design + Engineering,Open,"Provide Today/Week/Agenda with trainer filters, explicit PT labels, request queue and session drawer. Show duration, location, recurrence and balance context before confirmation.",
IMS-023,P1,Client navigation,R2,Design + Engineering,"Implemented, verify","Use five client destinations: Today, Plan, Book, Progress, Coach. Place history within Plan, account in the header. Keep the next session and current workout prominent and use consistent labels.",Competing plan hubs combined; broader navigation naming review still open.
IMS-024,P1,Balance UX,R2,Design + Engineering,Open,"Show remaining sessions, usage ledger, next renewal and payment state separately. Display processing/failure states until webhook reconciliation is complete. Require reasons and history for balance adjustments.",
IMS-025,P1,Accessibility,R2,Design + Engineering,"Implemented, verify","Allow zoom, supply focus traps/return, Escape, labels and announced errors. Check contrast, 44px primary targets, reduced motion and keyboard-only operation at 200% zoom.",Browser zoom restored; keyboard and screen-reader modal verification pending.
IMS-026,P2,UI state coverage,R2,Design + Engineering,Open,"Review loading, empty, error, saving, success and permission states for each key flow at 360/390/430px and desktop. Preserve drafts and give specific recovery actions.",
IMS-027,P2,Media,R2,Engineering + Jason,Open,"Verify signed URL expiry, poster images, captions/transcript support, upload limits, retry, delete and ownership. Separate general library assets from client-specific recordings.",
IMS-028,P0,Migration data,R3,Jason + Engineering,Open,Reconcile owner-confirmed package balances and recurring frequency in the private migration workbook; signed review before import.,
IMS-029,P0,Migration rehearsal,R3,Engineering + Jason + Gabe,Open,"Dry-run an idempotent import in staging. Compare per-client, per-trainer and per-date totals, source IDs, exception handling and balances. Re-run with no duplicates and sign off before cutover.",
IMS-030,P1,Operations,R1,Engineering,Open,"Add actionable errors, correlation IDs and health checks. Alert on unprocessed payments, stale recurring horizon, failed reminders and generation failures without logging private assessment data.",
IMS-031,P0,Rollback,R1,Engineering + Jason,Open,"Record known-good app and generator deployments, back up before migrations, test restore in staging and use backward-compatible schema changes. Define who stops rollout and what triggers rollback.",
IMS-032,P2,Database tuning,Later,Engineering,Open,"Review actual query plans and consolidate policies without changing intended access. Add useful indexes, review function grants/deleted-staff handling and document service-only tables. Do not blindly delete 61 “unused” indexes.",
IMS-033,P2,Documentation,R0,Engineering,Open,"Replace stale launch notes with one release record containing SHAs, schema version, environment matrix, test evidence, feature holds and rollback steps.",
IMS-034,P2,Website leads,R2,Engineering,"Implemented, verify","Verify the marketing site sends server-to-server requests, enforce idempotency and route auth, preserve existing lead lifecycle/notes and expose failed-sync recovery.",Website endpoint integrated and proxy path fixed; atomic dedupe and end-to-end test pending.
IMS-035,P2,Consultations,R2,Engineering + Jason,"Implemented, verify","Verify request versus confirmed-booking language, service duration, available time and follow-up ownership. A public consultation must not bypass conflict or abuse controls.",Consultation branch integrated; public journey verification pending.
IMS-036,P2,PDF experience,R2,Design + Jason,Open,"Design a concise client overview plus daily instructions. Reduce repetitive material without dropping prescribed weeks/exercises. Visually review page breaks, units, videos and coach/private separation.",
IMS-038,P2,Performance,R2,Engineering,Open,"Measure LCP/INP/CLS and query latency on representative devices/data. Optimize images, pagination and duplicate fetching where measurements justify it. Set a repeatable performance budget.",
IMS-039,P0,End-to-end release,R1,Engineering + Jason + Gabe,Open,"Run the complete role matrix in staging. Jason and Gabe accept schedule/client tasks, and a test client completes plan, booking and coach-message journeys. Attach recordings or screenshots to the release record.",
IMS-040,P1,Reconciliation,R3,Jason + Gabe + Engineering,Open,"Produce reconciled client, appointment, package usage and payment exports. Resolve the private workbook scheduling exceptions. Define a cutover freeze, delta import and one sending/billing system.",
